customer_id,branch_id,customer_name,contact_no,date_of_birth,address,email_id,customer_since
1,1,"Rahul Mehra",9100000001,1995-03-12,"12 MG Road, Mumbai",cust1@chronovault.com,2020-01-15
2,2,"Priya Nair",9100000002,1992-07-25,"45 Brigade Road, Bangalore",cust2@chronovault.com,2019-06-20
3,3,"Amit Sharma",9100000003,1988-11-09,"78 Park Street, Kolkata",cust3@chronovault.com,2018-03-11
4,4,"Sneha Reddy",9100000004,1996-01-18,"22 Anna Salai, Chennai",cust4@chronovault.com,2021-09-05
5,5,"Karan Patel",9100000005,1990-05-30,"10 SG Highway, Ahmedabad",cust5@chronovault.com,2017-12-01
6,6,"Neha Singh",9100000006,1994-04-14,"89 Hazratganj, Lucknow",cust6@chronovault.com,2022-02-10
7,7,"Rohit Verma",9100000007,1987-09-21,"55 Connaught Place, Delhi",cust7@chronovault.com,2016-08-19
8,8,"Anjali Kapoor",9100000008,1993-02-17,"9 FC Road, Pune",cust8@chronovault.com,2019-11-23
9,9,"Vikas Yadav",9100000009,1985-12-05,"101 Banjara Hills, Hyderabad",cust9@chronovault.com,2015-04-30
10,10,"Pooja Shah",9100000010,1998-06-28,"3 Satellite Road, Ahmedabad",cust10@chronovault.com,2023-01-12
11,11,"Arjun Rao",9100000011,1991-08-16,"44 Civil Lines, Jaipur",cust11@chronovault.com,2018-07-07
12,12,"Meera Iyer",9100000012,1997-10-03,"17 MG Road, Kochi",cust12@chronovault.com,2020-10-19
13,13,"Sahil Khan",9100000013,1989-03-22,"29 Residency Road, Srinagar",cust13@chronovault.com,2017-03-14
14,14,"Ritika Das",9100000014,1995-09-09,"66 VIP Road, Guwahati",cust14@chronovault.com,2021-05-28
15,15,"Aditya Jain",9100000015,1992-12-19,"21 MI Road, Jaipur",cust15@chronovault.com,2019-02-17
16,16,"Tanvi Kulkarni",9100000016,1996-04-07,"11 JM Road, Pune",cust16@chronovault.com,2022-06-01
17,17,"Kunal Mehta",9100000017,1986-11-13,"77 Linking Road, Mumbai",cust17@chronovault.com,2014-09-22
18,18,"Divya Bansal",9100000018,1994-07-29,"8 Sector 17, Chandigarh",cust18@chronovault.com,2020-12-09
19,19,"Harsh Malhotra",9100000019,1990-01-25,"19 Mall Road, Amritsar",cust19@chronovault.com,2018-04-02
20,20,"Isha Menon",9100000020,1993-05-11,"31 Marine Drive, Mumbai",cust20@chronovault.com,2019-08-15
21,21,"Nikhil Gupta",9100000021,1988-10-08,"72 Sector 62, Noida",cust21@chronovault.com,2016-01-09
22,22,"Aisha Khan",9100000022,1997-03-15,"6 Park Circus, Kolkata",cust22@chronovault.com,2023-03-20
23,23,"Yash Verma",9100000023,1991-06-04,"14 MP Nagar, Bhopal",cust23@chronovault.com,2017-07-30
24,24,"Simran Kaur",9100000024,1995-02-27,"50 Model Town, Ludhiana",cust24@chronovault.com,2021-01-25
25,25,"Manish Tiwari",9100000025,1984-09-14,"38 Alkapuri, Vadodara",cust25@chronovault.com,2013-11-11
26,26,"Riya Sharma",9100000026,1998-12-02,"90 Sector 18, Gurgaon",cust26@chronovault.com,2022-07-18
27,27,"Deepak Yadav",9100000027,1987-05-19,"7 Rajendra Nagar, Patna",cust27@chronovault.com,2015-10-05
28,28,"Kavya Sinha",9100000028,1993-08-21,"25 Fraser Road, Patna",cust28@chronovault.com,2019-04-12
29,29,"Rohan Nair",9100000029,1990-11-30,"13 MG Road, Thiruvananthapuram",cust29@chronovault.com,2018-09-27
30,30,"Ananya Desai",9100000030,1996-01-09,"82 Law Garden, Ahmedabad",cust30@chronovault.com,2020-02-14
31,31,"Omkar Patil",9100000031,1989-04-23,"16 FC Road, Pune",cust31@chronovault.com,2016-06-16
32,32,"Naina Gupta",9100000032,1992-07-10,"5 Indiranagar, Bangalore",cust32@chronovault.com,2017-12-21
33,33,"Siddharth Roy",9100000033,1985-02-18,"23 Salt Lake, Kolkata",cust33@chronovault.com,2014-03-03
34,34,"Shreya Banerjee",9100000034,1997-06-01,"11 Ballygunge, Kolkata",cust34@chronovault.com,2021-11-29
35,35,"Mohit Agarwal",9100000035,1991-09-17,"44 Ashok Nagar, Kanpur",cust35@chronovault.com,2018-08-08
36,36,"Ankita Sharma",9100000036,1994-12-12,"27 Civil Lines, Allahabad",cust36@chronovault.com,2020-05-05
37,37,"Gaurav Khanna",9100000037,1988-03-28,"70 Rajpur Road, Dehradun",cust37@chronovault.com,2016-09-14
38,38,"Tejas Deshmukh",9100000038,1993-10-20,"9 Shivaji Nagar, Nagpur",cust38@chronovault.com,2019-06-06
39,39,"Mitali Joshi",9100000039,1995-01-31,"3 Civil Lines, Jabalpur",cust39@chronovault.com,2022-01-01
40,40,"Harshit Malviya",9100000040,1990-04-16,"21 AB Road, Indore",cust40@chronovault.com,2017-03-18
41,41,"Ibrahim Sheikh",9100000041,1986-07-07,"18 Camp Area, Surat",cust41@chronovault.com,2015-05-24
42,42,"Komal Yadav",9100000042,1998-02-11,"60 Vesu, Surat",cust42@chronovault.com,2023-04-04
43,43,"Raghav Bansal",9100000043,1992-05-22,"12 Rajendra Place, Delhi",cust43@chronovault.com,2018-10-10
44,44,"Aditi Rao",9100000044,1996-08-30,"8 Whitefield, Bangalore",cust44@chronovault.com,2021-06-17
45,45,"Sameer Kulkarni",9100000045,1987-12-14,"15 Koregaon Park, Pune",cust45@chronovault.com,2016-02-02
46,46,"Alisha Roy",9100000046,1994-09-05,"32 Park Street, Kolkata",cust46@chronovault.com,2020-08-12
47,47,"Kartik Malhotra",9100000047,1991-11-19,"48 Andheri West, Mumbai",cust47@chronovault.com,2017-01-07
48,48,"Reetika Shah",9100000048,1993-03-08,"26 Alkapuri, Vadodara",cust48@chronovault.com,2019-09-09
49,49,"Yashika Pillai",9100000049,1997-07-27,"19 Panampilly Nagar, Kochi",cust49@chronovault.com,2022-05-05
50,50,"Akhil Menon",9100000050,1989-10-10,"73 MG Road, Kochi",cust50@chronovault.com,2018-12-12
51,5,"Vivaan Patel",9100000055,1991-12-17,"31 SG Highway, Ahmedabad",cust55@chronovault.com,2018-06-29
52,6,"Aarohi Nair",9100000056,1997-05-08,"7 Hazratganj, Lucknow",cust56@chronovault.com,2022-01-15
53,7,"Reyansh Verma",9100000057,1988-08-14,"101 Connaught Place, Delhi",cust57@chronovault.com,2016-09-09
54,8,"Anika Kapoor",9100000058,1995-03-26,"11 FC Road, Pune",cust58@chronovault.com,2020-10-18
55,9,"Krish Yadav",9100000059,1990-10-02,"44 Banjara Hills, Hyderabad",cust59@chronovault.com,2017-02-07
56,10,"Myra Shah",9100000060,1998-06-12,"8 Satellite Road, Ahmedabad",cust60@chronovault.com,2023-02-20
57,11,"Laksh Rao",9100000061,1992-11-28,"16 Civil Lines, Jaipur",cust61@chronovault.com,2019-05-16
58,12,"Tanisha Iyer",9100000062,1994-02-09,"28 MG Road, Kochi",cust62@chronovault.com,2021-08-30
59,13,"Yuvan Khan",9100000063,1987-07-03,"33 Residency Road, Srinagar",cust63@chronovault.com,2015-12-01
60,14,"Navya Das",9100000064,1996-09-15,"12 VIP Road, Guwahati",cust64@chronovault.com,2022-04-09
61,15,"Ayaan Jain",9100000065,1991-01-21,"5 MI Road, Jaipur",cust65@chronovault.com,2018-03-22
62,16,"Ira Kulkarni",9100000066,1993-06-06,"90 JM Road, Pune",cust66@chronovault.com,2020-11-11
63,17,"Dev Malhotra",9100000067,1986-04-18,"77 Linking Road, Mumbai",cust67@chronovault.com,2014-07-07
64,18,"Mehak Bansal",9100000068,1997-10-25,"14 Sector 17, Chandigarh",cust68@chronovault.com,2023-01-01
65,19,"Pranav Arora",9100000069,1990-12-30,"6 Mall Road, Amritsar",cust69@chronovault.com,2018-09-14
66,20,"Saanvi Menon",9100000070,1995-08-19,"22 Marine Drive, Mumbai",cust70@chronovault.com,2021-06-06
67,21,"Naman Gupta",9100000071,1988-03-12,"13 Sector 62, Noida",cust71@chronovault.com,2016-01-17
68,22,"Palak Khan",9100000072,1996-11-04,"7 Park Circus, Kolkata",cust72@chronovault.com,2022-09-09
69,23,"Vedant Verma",9100000073,1992-02-14,"19 MP Nagar, Bhopal",cust73@chronovault.com,2019-12-12
70,24,"Shruti Kaur",9100000074,1994-07-07,"33 Model Town, Ludhiana",cust74@chronovault.com,2020-04-20
71,25,"Keshav Tiwari",9100000075,1985-05-27,"8 Alkapuri, Vadodara",cust75@chronovault.com,2013-03-03
72,26,"Alina Sharma",9100000076,1998-01-10,"56 Sector 18, Gurgaon",cust76@chronovault.com,2023-05-05
73,27,"Rudra Yadav",9100000077,1987-06-22,"10 Rajendra Nagar, Patna",cust77@chronovault.com,2015-10-10
74,28,"Tara Sinha",9100000078,1993-09-01,"24 Fraser Road, Patna",cust78@chronovault.com,2019-03-03
75,29,"Advik Nair",9100000079,1991-04-29,"5 MG Road, Trivandrum",cust79@chronovault.com,2018-08-08
76,30,"Zara Desai",9100000080,1996-12-16,"70 Law Garden, Ahmedabad",cust80@chronovault.com,2021-02-02
77,31,"Rohan Patil",9100000081,1989-07-24,"17 FC Road, Pune",cust81@chronovault.com,2016-06-16
78,32,"Anvi Gupta",9100000082,1992-03-03,"9 Indiranagar, Bangalore",cust82@chronovault.com,2017-11-11
79,33,"Samar Roy",9100000083,1985-01-15,"11 Salt Lake, Kolkata",cust83@chronovault.com,2014-04-04
80,34,"Ishaan Banerjee",9100000084,1997-05-18,"22 Ballygunge, Kolkata",cust84@chronovault.com,2022-10-10
81,35,"Aditi Agarwal",9100000085,1990-09-09,"44 Ashok Nagar, Kanpur",cust85@chronovault.com,2018-05-05
82,36,"Harshita Sharma",9100000086,1994-02-02,"30 Civil Lines, Prayagraj",cust86@chronovault.com,2020-01-01
83,37,"Ibrahim Khanna",9100000087,1988-08-08,"66 Rajpur Road, Dehradun",cust87@chronovault.com,2016-09-09
84,38,"Komal Deshmukh",9100000088,1993-06-06,"12 Shivaji Nagar, Nagpur",cust88@chronovault.com,2019-06-06
85,39,"Raghav Joshi",9100000089,1995-11-11,"9 Civil Lines, Jabalpur",cust89@chronovault.com,2021-03-03
86,40,"Sameera Malviya",9100000090,1990-04-04,"15 AB Road, Indore",cust90@chronovault.com,2017-07-07
87,41,"Alok Sheikh",9100000091,1986-10-10,"17 Camp Area, Surat",cust91@chronovault.com,2015-05-05
88,42,"Manya Yadav",9100000092,1998-03-03,"44 Vesu, Surat",cust92@chronovault.com,2023-06-06
89,43,"Dhruv Bansal",9100000093,1992-07-07,"28 Rajendra Place, Delhi",cust93@chronovault.com,2018-10-10
90,44,"Nisha Rao",9100000094,1996-05-05,"10 Whitefield, Bangalore",cust94@chronovault.com,2021-08-08
91,45,"Akhil Kulkarni",9100000095,1987-12-12,"8 Koregaon Park, Pune",cust95@chronovault.com,2016-02-02
92,46,"Reema Roy",9100000096,1994-09-09,"30 Park Street, Kolkata",cust96@chronovault.com,2020-08-08
93,47,"Karan Malhotra",9100000097,1991-11-11,"22 Andheri West, Mumbai",cust97@chronovault.com,2017-01-01
94,48,"Ritika Shah",9100000098,1993-03-03,"14 Alkapuri, Vadodara",cust98@chronovault.com,2019-09-09
95,49,"Yash Pillai",9100000099,1997-07-07,"19 Panampilly Nagar, Kochi",cust99@chronovault.com,2022-05-05
96,50,"Arjun Menon",9100000100,1989-10-10,"60 MG Road, Kochi",cust100@chronovault.com,2018-12-12
97,11,"Aarav Mehta",9100000101,1992-03-14,"22 MG Road, Mumbai",aarav.mehta101@chronovault.com,2019-05-10
98,11,"Diya Sharma",9100000102,1995-07-21,"18 Hill Road, Mumbai",diya.sharma102@chronovault.com,2020-08-14
99,11,"Kabir Nair",9100000103,1990-11-09,"44 Bandra West, Mumbai",kabir.nair103@chronovault.com,2018-01-22
100,11,"Riya Patel",9100000104,1996-02-18,"12 Carter Road, Mumbai",riya.patel104@chronovault.com,2021-03-30
101,11,"Vivaan Singh",9100000105,1992-09-25,"9 Andheri East, Mumbai",vivaan.singh105@chronovault.com,2017-12-11
102,11,"Anika Iyer",9100000106,1994-05-06,"33 Powai Lake, Mumbai",anika.iyer106@chronovault.com,2019-09-09
103,11,"Reyansh Gupta",9100000107,1989-08-17,"71 Dadar West, Mumbai",reyansh.gupta107@chronovault.com,2016-06-19
104,11,"Mehak Verma",9100000108,1997-01-29,"15 Chembur East, Mumbai",mehak.verma108@chronovault.com,2022-04-07
105,11,"Pranav Desai",9100000109,1991-12-12,"28 Borivali West, Mumbai",pranav.desai109@chronovault.com,2018-07-15
106,11,"Tara Kapoor",9100000110,1993-10-03,"6 Kandivali East, Mumbai",tara.kapoor110@chronovault.com,2020-10-01
107,12,"Arjun Reddy",9100000111,1991-04-11,"14 Banjara Hills, Hyderabad",arjun.reddy111@chronovault.com,2018-02-18
108,12,"Sneha Menon",9100000112,1995-06-19,"22 Jubilee Hills, Hyderabad",sneha.menon112@chronovault.com,2021-06-21
109,12,"Rahul Khanna",9100000113,1990-09-07,"7 Gachibowli, Hyderabad",rahul.khanna113@chronovault.com,2017-09-13
110,12,"Ishita Rao",9100000114,1996-01-15,"18 Madhapur, Hyderabad",ishita.rao114@chronovault.com,2022-01-10
111,12,"Kunal Bansal",9100000115,1992-12-02,"9 Begumpet, Hyderabad",kunal.bansal115@chronovault.com,2019-03-05
112,12,"Neha Kapoor",9100000116,1994-03-23,"30 Secunderabad, Hyderabad",neha.kapoor116@chronovault.com,2020-11-09
113,12,"Rohan Das",9100000117,1988-07-30,"11 Kondapur, Hyderabad",rohan.das117@chronovault.com,2016-04-04
114,12,"Pooja Jain",9100000118,1993-02-27,"25 Himayatnagar, Hyderabad",pooja.jain118@chronovault.com,2018-12-12
115,12,"Aditya Kulkarni",9100000119,1991-08-14,"17 Ameerpet, Hyderabad",aditya.kulkarni119@chronovault.com,2017-05-19
116,12,"Simran Kaur",9100000120,1997-05-05,"13 Tolichowki, Hyderabad",simran.kaur120@chronovault.com,2023-02-14
117,13,"Harsh Vardhan",9100000121,1992-06-10,"20 Indiranagar, Bangalore",harsh.vardhan121@chronovault.com,2019-07-22
118,13,"Aditi Rao",9100000122,1995-09-09,"44 Koramangala, Bangalore",aditi.rao122@chronovault.com,2020-04-17
119,13,"Manav Joshi",9100000123,1990-01-19,"9 Whitefield, Bangalore",manav.joshi123@chronovault.com,2018-03-11
120,13,"Kriti Malhotra",9100000124,1996-11-03,"18 HSR Layout, Bangalore",kriti.malhotra124@chronovault.com,2022-06-29
121,13,"Nikhil Sinha",9100000125,1991-12-25,"7 Jayanagar, Bangalore",nikhil.sinha125@chronovault.com,2017-10-02
122,13,"Rashmi Shetty",9100000126,1994-04-14,"15 Marathahalli, Bangalore",rashmi.shetty126@chronovault.com,2019-01-19
123,13,"Varun Bhat",9100000127,1989-08-21,"11 Malleshwaram, Bangalore",varun.bhat127@chronovault.com,2016-05-07
124,13,"Snehal Patil",9100000128,1993-07-12,"24 Rajajinagar, Bangalore",snehal.patil128@chronovault.com,2018-09-15
125,13,"Yash Thakur",9100000129,1992-10-18,"5 Electronic City, Bangalore",yash.thakur129@chronovault.com,2020-02-20
126,13,"Mitali Arora",9100000130,1997-02-28,"33 Bannerghatta Road, Bangalore",mitali.arora130@chronovault.com,2023-03-01
127,14,"Rohan Malhotra",9100000131,1993-01-11,"12 Anna Nagar, Chennai",rohan.malhotra131@chronovault.com,2019-03-12
128,14,"Priya Natarajan",9100000132,1995-05-19,"44 T Nagar, Chennai",priya.natarajan132@chronovault.com,2020-07-18
129,14,"Arvind Krishnan",9100000133,1990-09-25,"18 Adyar, Chennai",arvind.krishnan133@chronovault.com,2018-11-05
130,14,"Keerthi Raman",9100000134,1996-02-17,"7 Velachery, Chennai",keerthi.raman134@chronovault.com,2022-04-09
131,14,"Siddharth Iyer",9100000135,1991-12-04,"22 Tambaram, Chennai",siddharth.iyer135@chronovault.com,2017-08-21
132,14,"Divya Subramanian",9100000136,1994-06-08,"30 Porur, Chennai",divya.subramanian136@chronovault.com,2019-12-30
133,14,"Karthik Raj",9100000137,1989-03-27,"11 Egmore, Chennai",karthik.raj137@chronovault.com,2016-05-14
134,14,"Nisha Varadarajan",9100000138,1993-07-15,"16 Guindy, Chennai",nisha.varadarajan138@chronovault.com,2018-10-01
135,14,"Abhishek Menon",9100000139,1992-10-22,"9 OMR Road, Chennai",abhishek.menon139@chronovault.com,2020-01-19
136,14,"Shruti Pillai",9100000140,1997-04-03,"27 Perungudi, Chennai",shruti.pillai140@chronovault.com,2023-02-11
137,15,"Aman Choudhary",9100000141,1992-08-09,"14 Rajouri Garden, Delhi",aman.choudhary141@chronovault.com,2019-05-25
138,15,"Sanya Arora",9100000142,1995-03-18,"22 Dwarka Sector 6, Delhi",sanya.arora142@chronovault.com,2021-09-12
139,15,"Lakshya Verma",9100000143,1990-11-11,"18 Rohini Sector 9, Delhi",lakshya.verma143@chronovault.com,2017-01-14
140,15,"Tanvi Bhatia",9100000144,1996-06-02,"7 Pitampura, Delhi",tanvi.bhatia144@chronovault.com,2022-06-20
141,15,"Rajat Khurana",9100000145,1991-01-30,"30 Lajpat Nagar, Delhi",rajat.khurana145@chronovault.com,2018-03-08
142,15,"Meera Sood",9100000146,1994-09-07,"11 Janakpuri, Delhi",meera.sood146@chronovault.com,2020-11-17
143,15,"Karan Oberoi",9100000147,1988-12-19,"16 Saket, Delhi",karan.oberoi147@chronovault.com,2016-08-29
144,15,"Ira Malhotra",9100000148,1993-05-23,"24 Vasant Kunj, Delhi",ira.malhotra148@chronovault.com,2018-12-06
145,15,"Dev Sharma",9100000149,1992-02-15,"5 Karol Bagh, Delhi",dev.sharma149@chronovault.com,2019-07-13
146,15,"Rhea Kapoor",9100000150,1997-10-28,"19 Connaught Place, Delhi",rhea.kapoor150@chronovault.com,2023-01-02
147,16,"Harshit Agarwal",9100000151,1993-04-14,"21 Alambagh, Lucknow",harshit.agarwal151@chronovault.com,2019-06-18
148,16,"Anjali Tiwari",9100000152,1995-08-11,"17 Gomti Nagar, Lucknow",anjali.tiwari152@chronovault.com,2020-09-05
149,16,"Vikas Srivastava",9100000153,1990-12-03,"8 Hazratganj, Lucknow",vikas.srivastava153@chronovault.com,2018-02-27
150,16,"Shreya Mishra",9100000154,1996-01-21,"14 Indira Nagar, Lucknow",shreya.mishra154@chronovault.com,2022-04-15
151,16,"Adarsh Pandey",9100000155,1991-07-30,"29 Aliganj, Lucknow",adarsh.pandey155@chronovault.com,2017-10-09
152,16,"Ritu Yadav",9100000156,1994-03-09,"33 Mahanagar, Lucknow",ritu.yadav156@chronovault.com,2020-01-25
153,16,"Mohit Saxena",9100000157,1989-11-17,"10 Chowk Area, Lucknow",mohit.saxena157@chronovault.com,2016-06-06
154,16,"Payal Tripathi",9100000158,1993-09-26,"22 Charbagh, Lucknow",payal.tripathi158@chronovault.com,2018-12-19
155,16,"Nitin Shukla",9100000159,1992-05-05,"6 Rajajipuram, Lucknow",nitin.shukla159@chronovault.com,2019-08-03
156,16,"Sakshi Verma",9100000160,1997-02-13,"18 Kapoorthala, Lucknow",sakshi.verma160@chronovault.com,2023-03-10
157,17,"Yuvraj Singh",9100000161,1992-06-06,"12 Sector 17, Chandigarh",yuvraj.singh161@chronovault.com,2019-04-01
158,17,"Jasleen Kaur",9100000162,1995-10-18,"33 Sector 22, Chandigarh",jasleen.kaur162@chronovault.com,2021-05-20
159,17,"Manpreet Gill",9100000163,1990-01-14,"18 Sector 35, Chandigarh",manpreet.gill163@chronovault.com,2018-07-11
160,17,"Simarjeet Sandhu",9100000164,1996-03-29,"7 Sector 44, Chandigarh",simarjeet.sandhu164@chronovault.com,2022-08-09
161,17,"Amanpreet Brar",9100000165,1991-12-07,"20 Sector 8, Chandigarh",amanpreet.brar165@chronovault.com,2017-11-23
162,17,"Navneet Kaur",9100000166,1994-04-16,"11 Sector 15, Chandigarh",navneet.kaur166@chronovault.com,2020-02-14
163,17,"Gurpreet Singh",9100000167,1989-09-21,"28 Sector 19, Chandigarh",gurpreet.singh167@chronovault.com,2016-05-05
164,17,"Harleen Kaur",9100000168,1993-08-12,"6 Sector 27, Chandigarh",harleen.kaur168@chronovault.com,2018-12-18
165,17,"Karanveer Dhillon",9100000169,1992-11-25,"15 Sector 10, Chandigarh",karanveer.dhillon169@chronovault.com,2019-09-29
166,17,"Mehak Gill",9100000170,1997-02-05,"23 Sector 21, Chandigarh",mehak.gill170@chronovault.com,2023-01-15
167,18,"Rakesh Yadav",9100000171,1993-05-19,"14 Boring Road, Patna",rakesh.yadav171@chronovault.com,2019-07-07
168,18,"Neelam Kumari",9100000172,1995-03-03,"19 Kankarbagh, Patna",neelam.kumari172@chronovault.com,2020-10-10
169,18,"Saurabh Sinha",9100000173,1990-08-22,"8 Bailey Road, Patna",saurabh.sinha173@chronovault.com,2018-04-01
170,18,"Pallavi Raj",9100000174,1996-09-17,"25 Rajendra Nagar, Patna",pallavi.raj174@chronovault.com,2022-06-06
171,18,"Vivek Anand",9100000175,1991-01-08,"13 Ashok Rajpath, Patna",vivek.anand175@chronovault.com,2017-02-19
172,18,"Anupama Das",9100000176,1994-12-11,"30 Fraser Road, Patna",anupama.das176@chronovault.com,2020-03-23
173,18,"Rohit Kumar",9100000177,1988-10-14,"17 Danapur, Patna",rohit.kumar177@chronovault.com,2016-09-30
174,18,"Swati Singh",9100000178,1993-04-28,"9 Gandhi Maidan, Patna",swati.singh178@chronovault.com,2018-11-11
175,18,"Deepak Mishra",9100000179,1992-07-16,"6 Exhibition Road, Patna",deepak.mishra179@chronovault.com,2019-05-01
176,18,"Kajal Verma",9100000180,1997-02-09,"11 Gardanibagh, Patna",kajal.verma180@chronovault.com,2023-03-18
177,19,"Rahul Roy",9100000181,1992-03-13,"14 Salt Lake, Kolkata",rahul.roy181@chronovault.com,2019-06-14
178,19,"Moumita Sen",9100000182,1995-07-25,"22 Park Street, Kolkata",moumita.sen182@chronovault.com,2020-09-09
179,19,"Arindam Ghosh",9100000183,1990-11-06,"18 Howrah, Kolkata",arindam.ghosh183@chronovault.com,2018-01-19
180,19,"Priyanka Dutta",9100000184,1996-01-27,"7 Dumdum, Kolkata",priyanka.dutta184@chronovault.com,2022-04-02
181,19,"Sayan Chakraborty",9100000185,1991-12-15,"30 New Town, Kolkata",sayan.chakraborty185@chronovault.com,2017-07-07
182,19,"Rituparna Bose",9100000186,1994-05-05,"11 Garia, Kolkata",rituparna.bose186@chronovault.com,2020-10-21
183,19,"Abhijit Pal",9100000187,1989-08-18,"16 Behala, Kolkata",abhijit.pal187@chronovault.com,2016-03-16
184,19,"Sohini Mitra",9100000188,1993-02-14,"24 Tollygunge, Kolkata",sohini.mitra188@chronovault.com,2018-12-05
185,19,"Kaustav Banerjee",9100000189,1992-10-19,"5 Ballygunge, Kolkata",kaustav.banerjee189@chronovault.com,2019-08-18
186,19,"Ananya Roy",9100000190,1997-04-01,"13 Lake Town, Kolkata",ananya.roy190@chronovault.com,2023-02-01
187,20,"Omkar Patil",9100000191,1993-06-21,"21 Shivaji Nagar, Pune",omkar.patil191@chronovault.com,2019-03-03
188,20,"Sneha Kulkarni",9100000192,1995-09-11,"18 Kothrud, Pune",sneha.kulkarni192@chronovault.com,2021-05-09
189,20,"Tejas Deshmukh",9100000193,1990-02-05,"7 Wakad, Pune",tejas.deshmukh193@chronovault.com,2018-06-12
190,20,"Pooja Jadhav",9100000194,1996-12-14,"25 Hadapsar, Pune",pooja.jadhav194@chronovault.com,2022-07-07
191,20,"Amol Shinde",9100000195,1991-08-30,"30 Baner, Pune",amol.shinde195@chronovault.com,2017-10-10
192,20,"Vaishnavi More",9100000196,1994-04-22,"12 Aundh, Pune",vaishnavi.more196@chronovault.com,2020-11-11
193,20,"Rohit Pawar",9100000197,1989-01-18,"15 Pimpri, Pune",rohit.pawar197@chronovault.com,2016-05-05
194,20,"Tanmay Joshi",9100000198,1993-07-29,"8 Hinjewadi, Pune",tanmay.joshi198@chronovault.com,2018-12-22
195,20,"Mrunal Kale",9100000199,1992-05-09,"11 Nigdi, Pune",mrunal.kale199@chronovault.com,2019-09-14
196,20,"Siddhi Gawande",9100000200,1997-03-03,"19 Bavdhan, Pune",siddhi.gawande200@chronovault.com,2023-01-30
197,21,"Aditya Sharma",9100000201,1992-01-15,"12 Civil Lines, Jaipur",aditya.sharma201@chronovault.com,2019-04-12
198,21,"Neha Rathore",9100000202,1995-06-19,"44 Malviya Nagar, Jaipur",neha.rathore202@chronovault.com,2020-09-18
199,21,"Rohit Choudhary",9100000203,1990-10-09,"18 Vaishali Nagar, Jaipur",rohit.choudhary203@chronovault.com,2018-02-21
200,21,"Priyanka Meena",9100000204,1996-02-14,"7 Mansarovar, Jaipur",priyanka.meena204@chronovault.com,2022-05-10
201,21,"Yash Agarwal",9100000205,1991-12-22,"25 C-Scheme, Jaipur",yash.agarwal205@chronovault.com,2017-11-11
202,21,"Komal Saini",9100000206,1994-03-30,"11 Tonk Road, Jaipur",komal.saini206@chronovault.com,2020-01-05
203,21,"Harshita Singh",9100000207,1989-08-08,"16 Jagatpura, Jaipur",harshita.singh207@chronovault.com,2016-07-19
204,21,"Mohit Jain",9100000208,1993-07-17,"9 Bapu Nagar, Jaipur",mohit.jain208@chronovault.com,2018-12-03
205,21,"Sakshi Gupta",9100000209,1992-09-27,"14 Raja Park, Jaipur",sakshi.gupta209@chronovault.com,2019-08-20
206,21,"Nikhil Mathur",9100000210,1997-04-01,"21 Shyam Nagar, Jaipur",nikhil.mathur210@chronovault.com,2023-02-09
207,22,"Arjun Das",9100000211,1993-05-12,"15 Pan Bazaar, Guwahati",arjun.das211@chronovault.com,2019-03-03
208,22,"Ritika Bora",9100000212,1995-07-21,"22 Dispur, Guwahati",ritika.bora212@chronovault.com,2021-06-11
209,22,"Sourav Deka",9100000213,1990-11-04,"8 Beltola, Guwahati",sourav.deka213@chronovault.com,2018-01-18
210,22,"Ankita Saikia",9100000214,1996-01-29,"17 Zoo Road, Guwahati",ankita.saikia214@chronovault.com,2022-04-06
211,22,"Rakesh Kalita",9100000215,1991-12-09,"30 Maligaon, Guwahati",rakesh.kalita215@chronovault.com,2017-07-15
212,22,"Pallavi Sharma",9100000216,1994-06-06,"11 Chandmari, Guwahati",pallavi.sharma216@chronovault.com,2020-10-09
213,22,"Deepjyoti Nath",9100000217,1989-02-18,"26 Six Mile, Guwahati",deepjyoti.nath217@chronovault.com,2016-05-21
214,22,"Monalisa Gogoi",9100000218,1993-08-13,"19 Ganeshguri, Guwahati",monalisa.gogoi218@chronovault.com,2018-11-29
215,22,"Kunal Baruah",9100000219,1992-10-05,"6 Ulubari, Guwahati",kunal.baruah219@chronovault.com,2019-09-14
216,22,"Meghna Roy",9100000220,1997-03-07,"14 Rehabari, Guwahati",meghna.roy220@chronovault.com,2023-01-18
217,23,"Rohan Prasad",9100000221,1992-04-14,"12 Fraser Town, Ranchi",rohan.prasad221@chronovault.com,2019-05-05
218,23,"Sneha Kumari",9100000222,1995-09-19,"22 Doranda, Ranchi",sneha.kumari222@chronovault.com,2020-08-12
219,23,"Abhishek Tiwari",9100000223,1990-07-23,"18 Harmu Road, Ranchi",abhishek.tiwari223@chronovault.com,2018-02-10
220,23,"Pooja Singh",9100000224,1996-01-11,"9 Kanke Road, Ranchi",pooja.singh224@chronovault.com,2022-06-18
221,23,"Amit Sahu",9100000225,1991-12-25,"30 Bariatu, Ranchi",amit.sahu225@chronovault.com,2017-09-09
222,23,"Neetu Verma",9100000226,1994-05-03,"11 Lalpur, Ranchi",neetu.verma226@chronovault.com,2020-11-11
223,23,"Rahul Das",9100000227,1989-08-16,"17 Morabadi, Ranchi",rahul.das227@chronovault.com,2016-04-04
224,23,"Sweta Sinha",9100000228,1993-02-27,"25 Pundag, Ranchi",sweta.sinha228@chronovault.com,2018-12-22
225,23,"Vikas Kumar",9100000229,1992-10-09,"6 Hinoo, Ranchi",vikas.kumar229@chronovault.com,2019-07-30
226,23,"Kajal Sharma",9100000230,1997-03-18,"13 Argora, Ranchi",kajal.sharma230@chronovault.com,2023-02-01
227,24,"Siddharth Rao",9100000231,1993-06-15,"14 Malleswaram, Mysore",siddharth.rao231@chronovault.com,2019-04-14
228,24,"Ananya Shetty",9100000232,1995-08-11,"22 Vijayanagar, Mysore",ananya.shetty232@chronovault.com,2021-07-07
229,24,"Kiran Bhat",9100000233,1990-12-04,"18 Gokulam, Mysore",kiran.bhat233@chronovault.com,2018-03-03
230,24,"Divya Rao",9100000234,1996-02-22,"9 Jayalakshmipuram, Mysore",divya.rao234@chronovault.com,2022-05-19
231,24,"Pradeep Hegde",9100000235,1991-11-10,"30 Saraswathipuram, Mysore",pradeep.hegde235@chronovault.com,2017-10-10
232,24,"Megha Kulkarni",9100000236,1994-04-28,"11 Hebbal, Mysore",megha.kulkarni236@chronovault.com,2020-01-21
233,24,"Arun Naik",9100000237,1989-07-19,"17 Bogadi, Mysore",arun.naik237@chronovault.com,2016-06-06
234,24,"Shilpa Reddy",9100000238,1993-03-08,"25 Kuvempunagar, Mysore",shilpa.reddy238@chronovault.com,2018-12-12
235,24,"Naveen Kumar",9100000239,1992-09-17,"6 Hunsur Road, Mysore",naveen.kumar239@chronovault.com,2019-09-01
236,24,"Pavitra Nair",9100000240,1997-02-25,"13 Nazarbad, Mysore",pavitra.nair240@chronovault.com,2023-03-03
237,25,"Rohit Shekhawat",9100000241,1992-05-14,"12 Sardarpura, Jodhpur",rohit.shekhawat241@chronovault.com,2019-04-04
238,25,"Pooja Rathod",9100000242,1995-09-21,"22 Ratanada, Jodhpur",pooja.rathod242@chronovault.com,2020-07-19
239,25,"Manish Solanki",9100000243,1990-11-02,"18 Shastri Nagar, Jodhpur",manish.solanki243@chronovault.com,2018-02-12
240,25,"Kavita Chouhan",9100000244,1996-01-18,"7 Paota, Jodhpur",kavita.chouhan244@chronovault.com,2022-05-09
241,25,"Amit Parihar",9100000245,1991-12-30,"30 Basni, Jodhpur",amit.parihar245@chronovault.com,2017-11-01
242,25,"Neha Purohit",9100000246,1994-03-11,"11 Mandore, Jodhpur",neha.purohit246@chronovault.com,2020-10-14
243,25,"Deepak Bhati",9100000247,1989-08-25,"16 Chopasni, Jodhpur",deepak.bhati247@chronovault.com,2016-06-06
244,25,"Swati Rajpurohit",9100000248,1993-07-09,"25 Sojati Gate, Jodhpur",swati.rajpurohit248@chronovault.com,2018-12-22
245,25,"Karan Singh",9100000249,1992-10-16,"6 Residency Road, Jodhpur",karan.singh249@chronovault.com,2019-09-10
246,25,"Anjali Joshi",9100000250,1997-04-03,"13 Air Force Area, Jodhpur",anjali.joshi250@chronovault.com,2023-02-01
247,26,"Saurabh Patnaik",9100000251,1993-06-11,"15 Saheed Nagar, Bhubaneswar",saurabh.patnaik251@chronovault.com,2019-03-03
248,26,"Ritika Mohanty",9100000252,1995-08-20,"22 Nayapalli, Bhubaneswar",ritika.mohanty252@chronovault.com,2021-06-06
249,26,"Debasish Sahoo",9100000253,1990-12-09,"18 Rasulgarh, Bhubaneswar",debasish.sahoo253@chronovault.com,2018-01-21
250,26,"Ananya Das",9100000254,1996-02-27,"7 Khandagiri, Bhubaneswar",ananya.das254@chronovault.com,2022-04-19
251,26,"Prakash Behera",9100000255,1991-11-15,"30 Patia, Bhubaneswar",prakash.behera255@chronovault.com,2017-08-08
252,26,"Mitali Jena",9100000256,1994-04-04,"11 Chandrasekharpur, Bhubaneswar",mitali.jena256@chronovault.com,2020-02-14
253,26,"Rakesh Rout",9100000257,1989-09-19,"16 Laxmisagar, Bhubaneswar",rakesh.rout257@chronovault.com,2016-05-17
254,26,"Sneha Pradhan",9100000258,1993-03-13,"25 Old Town, Bhubaneswar",sneha.pradhan258@chronovault.com,2018-11-11
255,26,"Subham Mishra",9100000259,1992-07-21,"6 Baramunda, Bhubaneswar",subham.mishra259@chronovault.com,2019-07-07
256,26,"Kajal Nayak",9100000260,1997-02-05,"13 Vani Vihar, Bhubaneswar",kajal.nayak260@chronovault.com,2023-01-25
257,27,"Rohit Thapa",9100000261,1992-04-14,"12 Lalitpur, Kathmandu",rohit.thapa261@chronovault.com,2019-05-05
258,27,"Sanjana Karki",9100000262,1995-07-22,"22 Baneshwor, Kathmandu",sanjana.karki262@chronovault.com,2020-09-09
259,27,"Aayush Shrestha",9100000263,1990-10-18,"18 Patan, Kathmandu",aayush.shrestha263@chronovault.com,2018-02-02
260,27,"Nisha Gurung",9100000264,1996-01-29,"7 Bhaktapur, Kathmandu",nisha.gurung264@chronovault.com,2022-06-06
261,27,"Kiran Rai",9100000265,1991-12-11,"30 Thamel, Kathmandu",kiran.rai265@chronovault.com,2017-10-10
262,27,"Pooja Tamang",9100000266,1994-05-09,"11 Kalanki, Kathmandu",pooja.tamang266@chronovault.com,2020-01-19
263,27,"Suman Adhikari",9100000267,1989-08-30,"16 Koteshwor, Kathmandu",suman.adhikari267@chronovault.com,2016-04-04
264,27,"Anita Magar",9100000268,1993-02-18,"25 Kirtipur, Kathmandu",anita.magar268@chronovault.com,2018-12-12
265,27,"Bikash Lama",9100000269,1992-09-03,"6 Balaju, Kathmandu",bikash.lama269@chronovault.com,2019-09-09
266,27,"Rekha Bhandari",9100000270,1997-03-12,"13 Gongabu, Kathmandu",rekha.bhandari270@chronovault.com,2023-02-02
267,28,"Aditya Verghese",9100000271,1993-06-25,"14 Kakkanad, Kochi",aditya.verghese271@chronovault.com,2019-04-14
268,28,"Maria Thomas",9100000272,1995-08-19,"22 Edappally, Kochi",maria.thomas272@chronovault.com,2021-07-07
269,28,"Joseph Mathew",9100000273,1990-12-08,"18 Aluva, Kochi",joseph.mathew273@chronovault.com,2018-03-03
270,28,"Anjali Kurian",9100000274,1996-02-20,"9 Vyttila, Kochi",anjali.kurian274@chronovault.com,2022-05-19
271,28,"Nikhil Paul",9100000275,1991-11-14,"30 Fort Kochi, Kochi",nikhil.paul275@chronovault.com,2017-10-10
272,28,"Sneha Varghese",9100000276,1994-04-28,"11 Thrippunithura, Kochi",sneha.varghese276@chronovault.com,2020-01-21
273,28,"Rahul Antony",9100000277,1989-07-17,"17 Kalamassery, Kochi",rahul.antony277@chronovault.com,2016-06-06
274,28,"Meera George",9100000278,1993-03-05,"25 Kadavanthra, Kochi",meera.george278@chronovault.com,2018-12-12
275,28,"Arun Sebastian",9100000279,1992-09-09,"6 Palarivattom, Kochi",arun.sebastian279@chronovault.com,2019-09-01
276,28,"Divya Joseph",9100000280,1997-02-27,"13 Angamaly, Kochi",divya.joseph280@chronovault.com,2023-03-03
277,29,"Ravi Naidu",9100000281,1992-03-18,"12 MVP Colony, Vizag",ravi.naidu281@chronovault.com,2019-06-06
278,29,"Lakshmi Devi",9100000282,1995-07-07,"22 Gajuwaka, Vizag",lakshmi.devi282@chronovault.com,2020-10-10
279,29,"Sandeep Reddy",9100000283,1990-11-25,"18 Seethammadhara, Vizag",sandeep.reddy283@chronovault.com,2018-01-01
280,29,"Anusha Rao",9100000284,1996-01-19,"7 Dwaraka Nagar, Vizag",anusha.rao284@chronovault.com,2022-04-04
281,29,"Kiran Kumar",9100000285,1991-12-08,"30 Madhurawada, Vizag",kiran.kumar285@chronovault.com,2017-07-07
282,29,"Swathi Reddy",9100000286,1994-05-15,"11 NAD Junction, Vizag",swathi.reddy286@chronovault.com,2020-03-03
283,29,"Chaitanya Naik",9100000287,1989-08-30,"16 Rushikonda, Vizag",chaitanya.naik287@chronovault.com,2016-05-05
284,29,"Pavani Das",9100000288,1993-02-11,"25 Kurmannapalem, Vizag",pavani.das288@chronovault.com,2018-12-12
285,29,"Rohit Varma",9100000289,1992-10-22,"6 Pendurthi, Vizag",rohit.varma289@chronovault.com,2019-08-18
286,29,"Meghana Rao",9100000290,1997-03-03,"13 Lawson Bay, Vizag",meghana.rao290@chronovault.com,2023-02-14
287,30,"Vikram Solanki",9100000291,1993-05-11,"14 Paldi, Ahmedabad",vikram.solanki291@chronovault.com,2019-04-04
288,30,"Riddhi Shah",9100000292,1995-09-21,"22 Navrangpura, Ahmedabad",riddhi.shah292@chronovault.com,2021-06-06
289,30,"Harsh Patel",9100000293,1990-12-09,"18 Maninagar, Ahmedabad",harsh.patel293@chronovault.com,2018-03-03
290,30,"Krupa Mehta",9100000294,1996-02-27,"7 Satellite, Ahmedabad",krupa.mehta294@chronovault.com,2022-05-19
291,30,"Amit Trivedi",9100000295,1991-11-15,"30 Bopal, Ahmedabad",amit.trivedi295@chronovault.com,2017-10-10
292,30,"Pooja Desai",9100000296,1994-04-04,"11 Vastrapur, Ahmedabad",pooja.desai296@chronovault.com,2020-01-21
293,30,"Jay Shah",9100000297,1989-09-19,"16 Gota, Ahmedabad",jay.shah297@chronovault.com,2016-05-17
294,30,"Nirali Joshi",9100000298,1993-03-13,"25 Chandkheda, Ahmedabad",nirali.joshi298@chronovault.com,2018-11-11
295,30,"Dhruv Bhatt",9100000299,1992-07-21,"6 Thaltej, Ahmedabad",dhruv.bhatt299@chronovault.com,2019-07-07
296,30,"Mansi Parekh",9100000300,1997-02-05,"13 SG Highway, Ahmedabad",mansi.parekh300@chronovault.com,2023-01-25
297,32,"Amit Verma",9876500001,1995-04-12,"Bilaspur, Chhattisgarh",amit.verma32@gmail.com,2021-06-15
298,33,"Sneha Nair",9876500002,1998-08-21,"Trivandrum, Kerala",sneha.nair33@gmail.com,2022-01-10
299,34,"Rahul Menon",9876500003,1993-11-05,"Kochi, Kerala",rahul.menon34@gmail.com,2020-09-25
300,35,"Priya Dsouza",9876500004,1997-02-18,"Panaji, Goa",priya.dsouza35@gmail.com,2023-03-14
301,36,"Arjun Sharma",9876500005,1994-06-30,"Jammu, J&K",arjun.sharma36@gmail.com,2019-12-01
302,37,"Mehak Khan",9876500006,1996-09-09,"Srinagar, J&K",mehak.khan37@gmail.com,2021-07-19
303,38,"Rohit Gupta",9876500007,1992-03-27,"Agra, UP",rohit.gupta38@gmail.com,2018-05-11
304,39,"Anjali Mishra",9876500008,1999-12-14,"Varanasi, UP",anjali.mishra39@gmail.com,2022-10-22
305,40,"Karan Mehta",9876500009,1991-07-08,"Gurgaon, Haryana",karan.mehta40@gmail.com,2017-08-03
306,41,"Pooja Singh",9876500010,1995-01-19,"Faridabad, Haryana",pooja.singh41@gmail.com,2020-11-29
307,42,"Vikas Rathore",9876500011,1993-10-10,"Jodhpur, Rajasthan",vikas.rathore42@gmail.com,2019-04-18
308,43,"Neha Patel",9876500012,1998-05-16,"Vadodara, Gujarat",neha.patel43@gmail.com,2023-06-09
309,44,"Siddharth Rao",9876500013,1990-02-25,"Hubli, Karnataka",siddharth.rao44@gmail.com,2016-09-30
310,45,"Divya Iyer",9876500014,1997-07-07,"Madurai, Tamil Nadu",divya.iyer45@gmail.com,2021-02-12
311,46,"Harish Reddy",9876500015,1994-12-03,"Vijayawada, Andhra Pradesh",harish.reddy46@gmail.com,2018-07-27
312,47,"Lavanya Kumar",9876500016,1996-03-15,"Visakhapatnam, Andhra Pradesh",lavanya.kumar47@gmail.com,2022-04-05
313,48,"Manish Das",9876500017,1992-08-29,"Dhanbad, Jharkhand",manish.das48@gmail.com,2019-10-16
314,49,"Tanvi Joshi",9876500018,1999-06-11,"Aurangabad, Maharashtra",tanvi.joshi49@gmail.com,2023-01-21
315,50,"Aditya Kulkarni",9876500019,1993-09-22,"Kolhapur, Maharashtra",aditya.kulkarni50@gmail.com,2020-03-08
